{
  "wolf": {
    "x": -1.823428736856296,
    "y": -2.102849203578814
  },
  "sheeps": [
    {
      "x": -3.45,
      "y": -5.05,
      "alive": true
    },
    {
      "x": -5.95,
      "y": -2.25,
      "alive": true
    }
  ]
}